{"nodes": [{"node": 0, "name": "Abertura Licita\u00e7\u00e3o", "fixedvalue": 1.0}, {"node": 1, "name": "Encerramento Licita\u00e7\u00e3o", "fixedvalue": 0.8460946517891497}, {"node": 2, "name": "Homologa\u00e7\u00e3o de Licita\u00e7\u00f5es", "fixedvalue": 0.632935744517122}], "links": [{"source": 0, "target": 1, "value": 0.8245479030396307, "pad": 48.28744750349977}, {"source": 1, "target": 2, "value": 0.6194690265486725, "pad": 36.14037267080745}]}